#{"t_start": 1764201084.5089068, "env_id": "None"}
r,l,t
15.249498,2500,16.117598
17.749615,2500,16.117699
18.999537,2500,16.117717
-5.000243,2500,16.117728
12.499561,2500,16.117737
11.499598,2500,31.173104
32.99996,2500,31.173222
-14.750347,2500,31.173242
-1.5001787,2500,31.173256
11.749537,2500,31.173269
-4.750192,2500,45.556288
33.249977,2500,45.556372
1.2496712,2500,45.556389
2.499814,2500,45.5564
13.249466,2500,45.55641
16.999557,2500,59.395404
-2.5003815,2500,59.395492
11.999628,2500,59.395508
-5.5003033,2500,59.395519
44.5021,2500,59.395529
2.2497535,2500,81.620217
32.749798,2500,81.620318
-13.250492,2500,81.620339
-0.5000969,2500,81.620355
16.749504,2500,81.62037
20.749557,2500,96.01193
4.249645,2500,96.012023
-17.250507,2500,96.012045
-12.000497,2500,96.012083
31.749537,2500,96.012098
-18.25042,2500,110.246695
13.249582,2500,110.246796
-27.0005,2500,110.24682
15.749691,2500,110.246838
25.249472,2500,110.246856
-1.2501785,2500,124.67788
3.2494688,2500,124.677977
16.499722,2500,124.677998
11.999723,2500,124.678013
-1.5002507,2500,124.678027
-2.2503514,2500,139.749938
-0.25027475,2500,139.750074
3.4996579,2500,139.750103
1.499798,2500,139.750122
27.49984,2500,139.750157
3.24983,2500,161.923518
17.249475,2500,161.9236
29.25032,2500,161.923617
-4.2503214,2500,161.923627
14.99959,2500,161.923658
27.249966,2500,175.992021
-1.0002939,2500,175.992103
11.499708,2500,175.992119
32.50114,2500,175.992146
13.249733,2500,175.992157
30.24959,2500,190.089216
11.999765,2500,190.089304
29.749577,2500,190.08932
12.999655,2500,190.089332
-3.0002606,2500,190.089342
2.2498357,2500,204.199478
16.749666,2500,204.199561
42.750763,2500,204.199577
26.999609,2500,204.199588
-1.2504407,2500,204.199598
2.2495594,2500,226.958668
-26.250488,2500,226.95875
12.749458,2500,226.958766
27.499523,2500,226.958777
27.24957,2500,226.958787
16.249605,2500,241.306023
26.000135,2500,241.30612
15.7495575,2500,241.306152
42.500587,2500,241.306164
10.499556,2500,241.306175
2.9999225,2500,257.098469
-17.250322,2500,257.09856
-2.0003166,2500,257.098576
11.749674,2500,257.098588
30.00086,2500,257.098598
-12.000327,2500,271.496248
10.249619,2500,271.496338
13.499435,2500,271.496355
15.249731,2500,271.496366
1.9996963,2500,271.496375
0.99963784,2500,285.860199
-3.2502832,2500,285.860281
24.749563,2500,285.860297
29.499464,2500,285.860309
16.499542,2500,285.860318
15.749548,2500,307.373142
16.999598,2500,307.375828
16.749691,2500,307.37592
14.749548,2500,307.375953
12.249598,2500,307.375976
17.99946,2500,321.524921
25.250256,2500,321.524993
-18.000334,2500,321.525009
25.249628,2500,321.52502
-12.500446,2500,321.52503
3.4997308,2500,335.782605
-5.000287,2500,335.782692
19.749527,2500,335.782709
1.4996758,2500,335.78272
30.24966,2500,335.78273
11.999525,2500,349.942107
17.499584,2500,349.942203
-3.0000796,2500,349.942219
44.500183,2500,349.94223
16.499578,2500,349.94224
30.751394,2500,372.645293
31.999548,2500,372.645379
2.9996672,2500,372.645396
49.001083,2500,372.645407
-1.7501903,2500,372.645417
42.50051,2500,386.684537
28.499554,2500,386.684626
-11.250264,2500,386.684643
30.750574,2500,386.684654
16.499588,2500,386.684673
4.749751,2500,400.920105
15.999638,2500,400.920207
-1.2503985,2500,400.920224
18.249563,2500,400.920235
-30.750477,2500,400.920245
22.749548,2500,415.113118
28.751455,2500,415.113233
-4.000169,2500,415.113259
24.749681,2500,415.113277
15.749695,2500,415.113297
39.750553,2500,429.44843
33.500362,2500,429.448528
2.7495337,2500,429.448549
26.749613,2500,429.448564
16.249647,2500,429.448579
27.749687,2500,451.318087
12.749551,2500,451.318217
14.249739,2500,451.318248
27.999676,2500,451.31826
29.750212,2500,451.318271
50.752274,2500,467.368006
30.74959,2500,467.368363
-11.500286,2500,467.368408
18.999704,2500,467.368426
13.999591,2500,467.368441
2.749671,2500,482.101986
2.499637,2500,482.102087
-2.5003536,2500,482.102116
-3.5002563,2500,482.102166
48.251106,2500,482.102186
16.49952,2500,496.381366
14.49958,2500,496.381464
11.749582,2500,496.381505
15.749502,2500,496.381522
27.499472,2500,496.381536
4.2497644,2500,519.778709
-5.000248,2500,519.778793
27.749548,2500,519.778809
1.9995317,2500,519.778821
19.499567,2500,519.778831
13.249472,2500,534.420222
30.499868,2500,534.420313
-2.000422,2500,534.420329
61.251087,2500,534.42034
18.999477,2500,534.420351
18.24955,2500,548.568025
27.999521,2500,548.568107
30.5,2500,548.568123
-19.500511,2500,548.568158
34.249886,2500,548.56817
2.4998076,2500,562.841574
0.74964213,2500,562.841659
29.74955,2500,562.841674
10.999546,2500,562.841684
31.999945,2500,562.841694
17.749508,2500,577.14921
13.249493,2500,577.149296
29.74955,2500,577.149311
13.499678,2500,577.149322
8.749676,2500,577.149332
2.9997718,2500,599.784779
-0.5003396,2500,599.784893
25.749565,2500,599.784914
37.249798,2500,599.78493
9.999803,2500,599.784945
19.4996,2500,614.395505
29.500893,2500,614.395608
-2.5004258,2500,614.395628
15.999516,2500,614.395644
44.00158,2500,614.395658
4.249819,2500,628.858309
11.249713,2500,628.858405
49.750916,2500,628.858426
-12.750471,2500,628.858441
-12.500383,2500,628.858456
4.4997263,2500,643.395647
15.249489,2500,643.395744
27.74959,2500,643.395771
27.750317,2500,643.395789
63.2519,2500,643.395805
-1.7504218,2500,666.132911
9.249479,2500,666.132998
16.999676,2500,666.133014
1.4996712,2500,666.133026
13.999614,2500,666.133036
26.499496,2500,682.019533
14.249464,2500,682.019613
3.249627,2500,682.019629
-10.250244,2500,682.019639
19.749783,2500,682.019649
33.75057,2500,696.21041
57.00079,2500,696.210491
2.4998133,2500,696.210506
-15.750505,2500,696.210517
2.4997594,2500,696.210527
12.249586,2500,710.507487
32.99974,2500,710.507563
12.999606,2500,710.507581
2.2498717,2500,710.507593
32.999893,2500,710.507603
18.999544,2500,724.497636
18.749628,2500,724.497723
13.999674,2500,724.497739
44.00047,2500,724.497751
14.74971,2500,724.497761
19.999577,2500,747.780218
-11.750258,2500,747.780313
11.249527,2500,747.780329
-2.5002115,2500,747.780341
24.499525,2500,747.780351
13.249712,2500,762.373219
65.00155,2500,762.37331
-3.2504694,2500,762.373336
19.249592,2500,762.373348
12.249479,2500,762.373357
14.749611,2500,776.773106
33.499954,2500,776.773206
-0.7502986,2500,776.773224
13.499573,2500,776.773238
29.000381,2500,776.773249
3.9996684,2500,791.300151
-0.25028715,2500,791.300232
23.24948,2500,791.300248
25.49943,2500,791.300259
17.99962,2500,791.300269
4.2497005,2500,813.413448
-16.500488,2500,813.413534
43.25048,2500,813.413551
17.749647,2500,813.413563
20.249502,2500,813.413573
32.500023,2500,827.900359
-4.2502947,2500,827.900448
-3.5003273,2500,827.900464
14.999571,2500,827.900476
19.249483,2500,827.900487
31.0018,2500,842.707674
30.249485,2500,842.707753
10.999655,2500,842.70777
14.999569,2500,842.707782
16.749529,2500,842.707792
30.749926,2500,857.087514
16.999634,2500,857.087602
43.75011,2500,857.087619
1.9997633,2500,857.08763
-13.500494,2500,857.08764
34.500423,2500,871.328229
10.749617,2500,871.328317
17.999487,2500,871.328334
15.749531,2500,871.328346
28.499538,2500,871.328356
-16.750511,2500,894.708565
18.749657,2500,894.708652
-3.2503493,2500,894.708668
47.5012,2500,894.70868
11.749502,2500,894.708691
15.499634,2500,910.547041
30.249546,2500,910.547139
57.252865,2500,910.547159
9.499571,2500,910.54717
10.999514,2500,910.547181
2.24969,2500,924.951711
15.999678,2500,924.951795
8.749582,2500,924.951812
2.499832,2500,924.951822
-0.00019675493,2500,924.951832
-15.000486,2500,939.165991
18.749557,2500,939.166079
48.501217,2500,939.166096
2.749556,2500,939.166107
15.999538,2500,939.166117
24.499683,2500,961.385753
3.249682,2500,961.385851
3.749497,2500,961.38587
45.000965,2500,961.385881
12.499693,2500,961.385893
2.2496154,2500,975.979295
58.00076,2500,975.979379
17.749638,2500,975.979395
18.749578,2500,975.979407
-12.750314,2500,975.979417
13.7495575,2500,990.883549
49.751038,2500,990.883646
13.499643,2500,990.883689
-2.7501056,2500,990.883707
-14.750336,2500,990.883742
16.99962,2500,1005.471488
32.251476,2500,1005.471584
-17.7505,2500,1005.471605
18.749594,2500,1005.471621
4.2497425,2500,1005.471635
34.500042,2500,1019.879089
47.00154,2500,1019.879204
30.749851,2500,1019.879228
49.000656,2500,1019.879245
3.2496119,2500,1019.87926
2.7496023,2500,1043.26837
2.4997826,2500,1043.268457
28.499504,2500,1043.268473
30.249493,2500,1043.26849
3.9997628,2500,1043.268501
12.999666,2500,1057.603014
27.499613,2500,1057.603101
17.99972,2500,1057.603117
30.499582,2500,1057.603143
44.500355,2500,1057.603154
29.000553,2500,1072.359923
13.7495365,2500,1072.360009
-15.000477,2500,1072.360025
32.75071,2500,1072.360036
5.499571,2500,1072.360046
-19.000494,2500,1087.069942
14.249609,2500,1087.07004
-2.5002527,2500,1087.070071
13.999733,2500,1087.07009
17.749516,2500,1087.070108
18.24949,2500,1110.251603
4.4995193,2500,1110.251712
44.501514,2500,1110.251734
28.999722,2500,1110.251749
20.749521,2500,1110.251764
-3.0003464,2500,1127.102291
33.500664,2500,1127.102383
12.999836,2500,1127.102412
-3.5002954,2500,1127.102432
31.49979,2500,1127.10245
32.499825,2500,1141.773662
45.25068,2500,1141.773753
-5.0000753,2500,1141.773775
17.749516,2500,1141.773792
34.499626,2500,1141.773807
29.749664,2500,1156.181545
49.251873,2500,1156.18164
-1.5002071,2500,1156.181667
48.25155,2500,1156.181686
33.24985,2500,1156.181702
11.999514,2500,1171.084583
11.249722,2500,1171.084678
0.4996562,2500,1171.084708
28.249727,2500,1171.084727
19.99957,2500,1171.084743
3.999635,2500,1193.208274
44.75159,2500,1193.208348
0.24967717,2500,1193.208364
-13.250437,2500,1193.208375
30.249699,2500,1193.208386
-3.2503614,2500,1208.082025
16.49952,2500,1208.082108
35.00085,2500,1208.082145
30.249779,2500,1208.082168
11.999514,2500,1208.082186
17.24966,2500,1222.475433
-0.50019443,2500,1222.475521
-11.7502575,2500,1222.475538
32.74976,2500,1222.475549
47.24997,2500,1222.475559
27.749641,2500,1237.279527
13.999711,2500,1237.279619
-1.2502831,2500,1237.279635
16.74959,2500,1237.279646
12.749498,2500,1237.279657
-1.2502371,2500,1252.03297
1.499588,2500,1252.033058
-18.750309,2500,1252.033077
12.999723,2500,1252.033088
1.9996166,2500,1252.033098
27.249687,2500,1275.679736
-0.7503573,2500,1275.679822
-18.250494,2500,1275.679839
2.9998515,2500,1275.679851
3.7495377,2500,1275.679861
24.499517,2500,1290.410755
-1.0003537,2500,1290.410836
1.9996073,2500,1290.410852
12.749678,2500,1290.410873
-1.2502439,2500,1290.410883
1.4997637,2500,1305.349315
-2.5004148,2500,1305.349396
41.50094,2500,1305.349412
0.2498474,2500,1305.349423
11.749639,2500,1305.349434
25.999487,2500,1320.195703
14.24971,2500,1320.195791
14.249575,2500,1320.195809
30.249556,2500,1320.195829
-16.750273,2500,1320.195841
34.251255,2500,1342.076003
31.749979,2500,1342.076091
14.249687,2500,1342.076113
12.249553,2500,1342.076147
-3.0004058,2500,1342.076164
-18.750456,2500,1358.749373
32.99977,2500,1358.749468
-1.5004718,2500,1358.749489
33.499783,2500,1358.749504
28.2496,2500,1358.749519
19.499607,2500,1373.227722
32.499893,2500,1373.22781
24.74956,2500,1373.227826
1.7497768,2500,1373.227837
-2.000103,2500,1373.2279
18.999704,2500,1387.606917
34.49965,2500,1387.607002
-0.7502638,2500,1387.607018
1.9998777,2500,1387.607028
1.2496228,2500,1387.607038
-3.0003083,2500,1401.869265
11.999656,2500,1401.869346
0.24954699,2500,1401.869363
-2.000405,2500,1401.869375
-11.750481,2500,1401.869385
17.74957,2500,1425.146123
18.499538,2500,1425.146235
1.2496593,2500,1425.146255
15.249613,2500,1425.146267
3.2495375,2500,1425.146278
12.499657,2500,1439.387271
27.999626,2500,1439.387358
17.999691,2500,1439.387374
45.50132,2500,1439.387385
34.500595,2500,1439.387395
15.499795,2500,1453.835747
1.4996467,2500,1453.835831
10.999548,2500,1453.835847
58.500744,2500,1453.835858
-4.000148,2500,1453.835868
3.9996507,2500,1468.993767
7.9996223,2500,1468.993862
28.49965,2500,1468.993881
29.249596,2500,1468.993892
34.74967,2500,1468.993902
2.9997551,2500,1491.429066
-10.750488,2500,1491.429201
14.499525,2500,1491.429226
17.999472,2500,1491.429241
-11.250355,2500,1491.429255
-11.000171,2500,1505.90775
13.999493,2500,1505.907842
15.249601,2500,1505.907869
30.999548,2500,1505.907889
16.249487,2500,1505.907906
15.749758,2500,1520.51801
12.749445,2500,1520.518091
20.249504,2500,1520.518113
18.2498,2500,1520.518146
25.999502,2500,1520.518163
23.499487,2500,1534.678939
-3.5003526,2500,1534.679029
-2.5003679,2500,1534.679056
-12.750332,2500,1534.679075
19.74963,2500,1534.679092
-16.0005,2500,1549.068201
33.25095,2500,1549.068295
27.749563,2500,1549.068321
18.74959,2500,1549.068338
28.749693,2500,1549.068353
12.249577,2500,1573.86561
26.749603,2500,1573.865707
18.499624,2500,1573.865739
13.499754,2500,1573.865756
-3.500397,2500,1573.865771
-1.5003237,2500,1588.225507
12.99946,2500,1588.225597
14.749691,2500,1588.225614
27.49954,2500,1588.225625
-0.25004515,2500,1588.225635
22.250658,2500,1602.554727
-20.0005,2500,1602.554832
13.9994755,2500,1602.55485
32.249676,2500,1602.554862
10.999634,2500,1602.554872
27.500034,2500,1616.845122
10.999571,2500,1616.845234
32.24978,2500,1616.845251
2.999694,2500,1616.845262
-2.2503033,2500,1616.845273
-2.0001378,2500,1639.936375
16.749645,2500,1639.936473
10.49957,2500,1639.936494
43.002045,2500,1639.93651
33.750847,2500,1639.936524
12.499487,2500,1654.76484
34.75038,2500,1654.764938
18.499607,2500,1654.764964
12.249456,2500,1654.764982
12.999594,2500,1654.764997
-15.500288,2500,1669.624294
13.749519,2500,1669.624398
6.2496214,2500,1669.624422
-1.5003113,2500,1669.624436
43.000664,2500,1669.62445
42.500244,2500,1684.322749
32.250633,2500,1684.322845
3.4997785,2500,1684.322866
4.4997807,2500,1684.322891
41.24996,2500,1684.322906
2.2495077,2500,1699.491724
10.749688,2500,1699.491825
34.5001,2500,1699.49185
26.249641,2500,1699.491867
12.7494335,2500,1699.491896
42.50095,2500,1722.80236
27.999489,2500,1722.802448
26.249578,2500,1722.802466
21.749672,2500,1722.802478
42.00086,2500,1722.802488
16.749756,2500,1737.541241
-10.7504015,2500,1737.541336
4.2498035,2500,1737.541356
13.749708,2500,1737.541372
18.499502,2500,1737.541386
0.24965332,2500,1752.089448
17.999582,2500,1752.08953
32.249928,2500,1752.089547
18.499657,2500,1752.089558
24.999668,2500,1752.089568
33.001057,2500,1766.812458
30.49983,2500,1766.812546
-12.250496,2500,1766.812562
17.249495,2500,1766.812574
14.999653,2500,1766.812584
17.249512,2500,1790.559121
1.499764,2500,1790.559232
26.749485,2500,1790.559249
32.250458,2500,1790.559261
11.749468,2500,1790.559271
12.99969,2500,1806.874375
-19.000483,2500,1806.874468
47.500927,2500,1806.874489
33.249775,2500,1806.8745
17.749527,2500,1806.87451
-18.0005,2500,1822.013899
43.00166,2500,1822.013988
15.749685,2500,1822.014004
47.00277,2500,1822.014016
-3.2503145,2500,1822.014026
-13.750273,2500,1836.972116
11.749527,2500,1836.972217
41.501045,2500,1836.972234
26.49956,2500,1836.972245
-2.0001988,2500,1836.972255
46.251167,2500,1851.659924
15.249676,2500,1851.660017
3.74964,2500,1851.660034
0.74978924,2500,1851.660045
15.999571,2500,1851.660056
-17.250357,2500,1874.116986
10.499502,2500,1874.117106
49.001266,2500,1874.117153
3.2497833,2500,1874.117173
-16.50029,2500,1874.11719
44.000618,2500,1889.332166
11.249753,2500,1889.332266
-17.000505,2500,1889.332288
42.252514,2500,1889.332304
1.9998415,2500,1889.33232
32.75073,2500,1904.072143
-3.750306,2500,1904.072242
9.749796,2500,1904.072264
26.999483,2500,1904.072281
44.250854,2500,1904.072296
17.249544,2500,1919.16672
12.749786,2500,1919.166825
14.499596,2500,1919.166852
9.99954,2500,1919.166871
0.9998114,2500,1919.166887
-11.000488,2500,1942.728283
26.749588,2500,1942.728373
16.999687,2500,1942.728389
10.999504,2500,1942.7284
15.249702,2500,1942.728411
26.999641,2500,1957.631002
10.499598,2500,1957.631098
18.24956,2500,1957.631116
25.749582,2500,1957.631144
16.499466,2500,1957.631156
30.499706,2500,1972.2617
4.7496567,2500,1972.261786
1.7497816,2500,1972.261803
-1.2501396,2500,1972.261841
13.749559,2500,1972.261852
17.999668,2500,1986.961373
-4.250357,2500,1986.961456
28.499912,2500,1986.96147
18.249556,2500,1986.96148
-10.000445,2500,1986.961489
32.750557,2500,2001.375545
55.253036,2500,2001.375633
24.749533,2500,2001.37565
4.499773,2500,2001.375661
1.7495832,2500,2001.375671
32.24951,2500,2024.711446
15.249554,2500,2024.711542
15.999449,2500,2024.711565
32.74964,2500,2024.711582
18.749636,2500,2024.711599
29.749912,2500,2041.628152
16.999428,2500,2041.628252
15.249586,2500,2041.628273
-2.5002127,2500,2041.628289
33.999657,2500,2041.628304
13.249487,2500,2056.464728
-0.00017792732,2500,2056.46483
27.249563,2500,2056.464855
27.999725,2500,2056.464872
31.499704,2500,2056.464887
32.749603,2500,2071.635458
-17.000446,2500,2071.635566
27.99956,2500,2071.635588
26.499744,2500,2071.635605
17.74956,2500,2071.63562
0.9997041,2500,2094.551023
12.249443,2500,2094.551158
46.25015,2500,2094.551192
25.24951,2500,2094.551217
55.750965,2500,2094.551241
13.999567,2500,2109.364418
62.002422,2500,2109.364501
-2.2501655,2500,2109.364517
24.999674,2500,2109.364529
-0.75029355,2500,2109.364539
42.25038,2500,2123.74024
29.501156,2500,2123.740325
19.249584,2500,2123.740342
12.749611,2500,2123.740353
27.249493,2500,2123.740363
14.7495,2500,2138.531902
-3.5001202,2500,2138.531996
0.4996786,2500,2138.53203
12.499821,2500,2138.532048
40.250366,2500,2138.532063
11.499577,2500,2153.000731
43.750698,2500,2153.00084
11.499586,2500,2153.000862
-2.750332,2500,2153.000877
-1.0003743,2500,2153.000891
16.999632,2500,2176.230646
27.99965,2500,2176.230728
18.249565,2500,2176.230744
47.252537,2500,2176.230755
-3.0001578,2500,2176.230765
39.49989,2500,2190.942908
30.001446,2500,2190.943004
1.2497964,2500,2190.94303
16.499617,2500,2190.943049
34.25006,2500,2190.943066
-28.500511,2500,2205.897929
26.499586,2500,2205.898023
29.00014,2500,2205.898046
-12.750279,2500,2205.898062
8.249498,2500,2205.898077
29.999554,2500,2220.772772
-1.0001119,2500,2220.772869
28.999506,2500,2220.772894
61.750874,2500,2220.772912
31.749893,2500,2220.772928
12.499556,2500,2243.835342
32.25011,2500,2243.835442
19.499454,2500,2243.835464
3.749786,2500,2243.835481
25.999651,2500,2243.835497
28.75194,2500,2259.123097
31.499763,2500,2259.123206
26.499535,2500,2259.123232
-11.750492,2500,2259.123248
11.999821,2500,2259.123262
-1.5002106,2500,2275.633939
33.499672,2500,2275.634041
26.49962,2500,2275.634076
17.499674,2500,2275.634093
12.999531,2500,2275.634107
12.2494755,2500,2290.461729
12.249582,2500,2290.461815
2.9996374,2500,2290.461844
28.25004,2500,2290.461855
31.250463,2500,2290.461865
2.499555,2500,2305.312045
-1.2504783,2500,2305.312152
2.4996297,2500,2305.312171
42.252098,2500,2305.312183
-15.500441,2500,2305.312193
-17.500494,2500,2329.798489
17.999624,2500,2329.798572
14.249502,2500,2329.798588
17.499533,2500,2329.798599
11.24968,2500,2329.798609
31.499662,2500,2346.154761
40.75261,2500,2346.154857
3.249848,2500,2346.154882
14.49963,2500,2346.154893
40.999626,2500,2346.154904
0.74972415,2500,2360.938914
32.75044,2500,2360.939006
-13.500299,2500,2360.939023
17.999456,2500,2360.939034
32.0001,2500,2360.939045
31.749672,2500,2375.94504
-1.5002651,2500,2375.945153
0.49982095,2500,2375.945174
17.249722,2500,2375.945186
11.999628,2500,2375.945197
18.499434,2500,2399.710496
1.2495615,2500,2399.710632
-2.5002544,2500,2399.710653
-9.500326,2500,2399.71067
-4.7502437,2500,2399.710685
27.749672,2500,2414.787794
16.49951,2500,2414.787893
-4.2502236,2500,2414.787917
30.000063,2500,2414.787934
12.499748,2500,2414.787948
5.4996405,2500,2430.1956
-3.75028,2500,2430.195693
28.4996,2500,2430.195719
24.499458,2500,2430.195735
42.249832,2500,2430.195751
-2.750119,2500,2445.96873
32.499535,2500,2445.968821
-11.750239,2500,2445.968869
24.749863,2500,2445.968888
25.249718,2500,2445.968903
19.999527,2500,2461.401046
2.4996936,2500,2461.401157
11.749491,2500,2461.401176
1.749901,2500,2461.401188
15.499617,2500,2461.401198
-1.0003518,2500,2484.621389
42.000813,2500,2484.621477
-1.7502187,2500,2484.621495
48.000893,2500,2484.621506
4.749755,2500,2484.621516
45.000847,2500,2501.093382
15.99946,2500,2501.093483
12.749709,2500,2501.09351
26.249516,2500,2501.093531
19.499506,2500,2501.09355
12.749628,2500,2516.17086
25.749706,2500,2516.170976
17.499601,2500,2516.171001
1.4995925,2500,2516.171017
18.999746,2500,2516.171033
11.24963,2500,2530.943862
13.249495,2500,2530.943985
0.7495818,2500,2530.944005
11.249538,2500,2530.944016
17.999527,2500,2530.944026
2.2496195,2500,2545.976447
47.75085,2500,2545.976537
26.749758,2500,2545.976553
-11.250473,2500,2545.976564
-1.0003256,2500,2545.976575
-4.5002017,2500,2570.111796
18.249659,2500,2570.111904
0.74978614,2500,2570.111931
25.249472,2500,2570.111965
12.249529,2500,2570.111981
17.24948,2500,2584.803383
33.750046,2500,2584.803469
11.749466,2500,2584.803485
11.7495365,2500,2584.803496
29.00077,2500,2584.803506
-3.0003195,2500,2599.724473
33.750202,2500,2599.724558
26.4996,2500,2599.724574
26.749546,2500,2599.724585
13.499432,2500,2599.724595
-1.5001007,2500,2614.684976
17.499538,2500,2614.685066
18.24954,2500,2614.685082
24.2496,2500,2614.685094
3.999634,2500,2614.685104
14.749775,2500,2638.12809
10.749514,2500,2638.128225
-3.2501218,2500,2638.128249
49.00118,2500,2638.128266
25.249533,2500,2638.128281
30.749783,2500,2653.593035
46.50081,2500,2653.593354
27.249697,2500,2653.59339
-11.500338,2500,2653.593407
28.999584,2500,2653.593423
